PRAGMA foreign_keys=OFF;
BEGIN TRANSACTION;
CREATE TABLE player(steam_id TEXT NOT NULL PRIMARY KEY, nick TEXT NOT NULL, rating INTEGER DEFAULT 0 NOT NULL);
INSERT INTO "player" VALUES('abc1','bengt',120);
INSERT INTO "player" VALUES('abc2','anna',110);
INSERT INTO "player" VALUES('abc3','ola',100);
INSERT INTO "player" VALUES('abc4','kalle',90);
INSERT INTO "player" VALUES('abc5','didier',80);
INSERT INTO "player" VALUES('abc6','frank',70);
INSERT INTO "player" VALUES('abc7','john',60);
INSERT INTO "player" VALUES('abc8','eden',50);
INSERT INTO "player" VALUES('abc9','kepa',40);
INSERT INTO "player" VALUES('abc10','cesar',30);
INSERT INTO "player" VALUES('abc11','david',20);
INSERT INTO "player" VALUES('abc12','marcos',10);
CREATE TABLE game(game_id INTEGER NOT NULL PRIMARY KEY, date TEXT NOT NULL, victory_type TEXT NOT NULL);
INSERT INTO "game" VALUES(1,'2019-01-01', 'DOMINATION');
INSERT INTO "game" VALUES(2,'2019-01-31', 'TOURISM');
INSERT INTO "game" VALUES(3,'2019-02-20', 'SCIENCE');
INSERT INTO "game" VALUES(4,'2019-05-22', 'DIPLOMACY');
CREATE TABLE ingame_player(game_id INTEGER NOT NULL, steam_id TEXT NOT NULL, end_pos INTEGER NOT NULL, civ TEXT NOT NULL);
INSERT INTO "ingame_player" VALUES(1,'abc1',1, 'ottomans');
INSERT INTO "ingame_player" VALUES(1,'abc2',2, 'sweden');
INSERT INTO "ingame_player" VALUES(1,'abc3',3, 'norway');
INSERT INTO "ingame_player" VALUES(1,'abc4',4, 'huns');
INSERT INTO "ingame_player" VALUES(1,'abc5',5, 'mongols');
INSERT INTO "ingame_player" VALUES(1,'abc6',6, 'arabia');
INSERT INTO "ingame_player" VALUES(2,'abc1',1, 'america');
INSERT INTO "ingame_player" VALUES(2,'abc3',2, 'denmark');
INSERT INTO "ingame_player" VALUES(2,'abc5',3, 'england');
INSERT INTO "ingame_player" VALUES(2,'abc7',4, 'brazil');
INSERT INTO "ingame_player" VALUES(2,'abc9',5, 'aztec');
INSERT INTO "ingame_player" VALUES(2,'abc11',6, 'maya');
INSERT INTO "ingame_player" VALUES(3,'abc2',1, 'egypt');
INSERT INTO "ingame_player" VALUES(3,'abc4',2, 'france');
INSERT INTO "ingame_player" VALUES(3,'abc6',3, 'songhai');
INSERT INTO "ingame_player" VALUES(3,'abc8',4, 'rome');
INSERT INTO "ingame_player" VALUES(3,'abc10',5, 'byzantine');
INSERT INTO "ingame_player" VALUES(3,'abc12',6, 'poland');
COMMIT;
